week,driver_id,qualifying_position,practice_gap_s,previous_top10_rate,grid_penalty,circuit_type,rain_forecast,top10
1,D01,4,0.302,0.355,0,street,no,1
1,D02,3,0.168,0.448,0,street,no,1
1,D03,13,0.981,0.676,0,street,no,0
1,D04,6,0.381,0.553,0,street,no,1
1,D05,1,0.02,0.63,5,street,no,1
1,D06,18,0.737,0.649,0,street,,0
1,D07,11,,0.379,0,street,no,0
1,D08,9,0.84,0.301,0,street,no,0
1,D09,2,0.114,0.276,0,street,no,1
1,D10,19,1.253,0.475,0,street,no,0
1,D11,8,0.755,0.485,0,street,no,1
1,D12,17,,0.501,3,street,no,0
1,D13,15,0.671,0.541,0,street,no,0
1,D14,10,1.003,0.498,3,street,no,1
1,D15,16,0.804,0.725,0,street,no,0
1,D16,14,1.059,0.42,0,street,no,0
1,D17,5,0.385,,0,street,no,1
1,D18,7,0.61,0.634,0,street,no,1
1,D19,20,1.033,0.688,0,street,no,1
1,D20,12,1.068,,0,street,no,0
2,D01,19,1.433,0.252,0,high_speed,no,0
2,D02,14,0.965,0.352,0,high_speed,no,0
2,D03,6,0.295,0.605,0,high_speed,no,1
2,D04,13,0.773,0.474,0,high_speed,no,0
2,D05,5,0.234,0.68,0,high_speed,no,1
2,D06,20,1.235,0.796,0,high_speed,no,0
2,D07,9,0.296,0.467,0,high_speed,no,0
2,D08,2,0.503,0.493,0,high_speed,no,1
2,D09,15,1.22,,0,high_speed,,0
2,D10,10,0.726,0.505,0,high_speed,no,1
2,D11,4,0.35,0.545,0,high_speed,no,1
2,D12,12,0.748,0.543,0,high_speed,no,1
2,D13,16,0.695,0.827,0,high_speed,no,0
2,D14,7,0.648,0.334,3,high_speed,no,1
2,D15,11,0.535,0.674,0,high_speed,no,1
2,D16,1,0.02,0.585,0,high_speed,no,1
2,D17,3,0.152,0.523,0,high_speed,no,1
2,D18,8,0.709,0.462,0,high_speed,no,0
2,D19,17,1.118,0.755,5,high_speed,no,0
2,D20,18,1.134,0.166,0,high_speed,no,0
3,D01,5,0.752,0.238,0,road,no,1
3,D02,3,0.111,0.405,0,road,no,1
3,D03,7,0.526,0.531,0,road,no,1
3,D04,17,1.353,0.513,0,road,no,0
3,D05,14,0.691,0.552,0,road,no,0
3,D06,20,1.128,0.886,0,road,no,0
3,D07,11,1.164,0.229,0,road,no,0
3,D08,19,1.652,0.497,0,road,no,0
3,D09,2,0.414,0.233,5,road,no,0
3,D10,15,0.918,0.467,0,road,no,0
3,D11,16,1.119,0.422,0,road,no,0
3,D12,8,0.538,0.437,0,road,no,1
3,D13,12,,0.527,0,road,no,1
3,D14,18,1.312,0.398,0,road,no,0
3,D15,9,,0.7,0,road,no,1
3,D16,10,0.801,0.545,0,road,no,1
3,D17,6,0.554,0.707,0,road,no,1
3,D18,4,0.676,0.48,0,road,no,1
3,D19,13,0.982,0.661,0,road,no,0
3,D20,1,0.442,0.258,0,road,,1
4,D01,18,1.323,0.42,0,street,no,0
4,D02,3,0.368,0.438,0,street,no,1
4,D03,17,1.125,0.514,0,street,no,0
4,D04,16,0.663,0.557,0,street,no,0
4,D05,8,0.258,0.513,0,street,no,1
4,D06,15,0.606,0.791,0,street,no,0
4,D07,20,1.442,0.402,0,street,no,0
4,D08,10,0.719,0.405,0,street,no,1
4,D09,5,0.544,,0,street,no,1
4,D10,7,,0.472,0,street,no,1
4,D11,4,0.386,0.362,0,street,no,1
4,D12,13,1.125,0.507,0,street,no,0
4,D13,12,0.892,0.543,0,street,no,0
4,D14,9,0.299,0.539,0,street,no,1
4,D15,1,,0.743,0,street,no,1
4,D16,6,0.167,0.477,0,street,,1
4,D17,19,1.231,0.677,0,street,no,0
4,D18,2,0.298,0.461,0,street,no,1
4,D19,14,0.649,0.761,0,street,no,0
4,D20,11,1.165,0.455,0,street,no,0
5,D01,1,0.397,0.402,0,high_speed,yes,1
5,D02,9,0.583,0.426,0,high_speed,yes,0
5,D03,16,1.139,0.656,0,high_speed,yes,0
5,D04,20,1.794,0.422,0,high_speed,yes,0
5,D05,7,0.212,0.615,0,high_speed,yes,1
5,D06,5,0.377,0.678,0,high_speed,yes,1
5,D07,4,,0.232,0,high_speed,yes,1
5,D08,3,0.521,0.387,0,high_speed,yes,1
5,D09,13,1.265,0.274,0,high_speed,yes,0
5,D10,2,0.104,0.44,0,high_speed,yes,1
5,D11,6,0.817,0.434,0,high_speed,yes,1
5,D12,14,0.839,0.568,0,high_speed,yes,0
5,D13,19,1.165,0.628,0,high_speed,yes,0
5,D14,8,0.594,0.506,0,high_speed,yes,1
5,D15,15,0.592,0.557,5,high_speed,yes,0
5,D16,11,1.06,0.452,3,high_speed,yes,1
5,D17,10,0.646,0.612,0,high_speed,yes,1
5,D18,12,0.747,0.536,0,high_speed,yes,0
5,D19,17,0.892,,5,high_speed,yes,0
5,D20,18,1.242,0.433,0,high_speed,yes,0
6,D01,2,0.492,0.312,0,road,,1
6,D02,4,0.304,0.494,0,road,,1
6,D03,12,,,0,road,no,1
6,D04,18,,,0,road,no,0
6,D05,13,0.947,0.664,0,road,no,1
6,D06,5,0.233,0.626,0,road,,1
6,D07,16,1.186,0.358,0,road,no,0
6,D08,8,0.759,0.253,0,road,no,0
6,D09,10,0.643,0.243,0,road,no,0
6,D10,3,0.074,0.555,0,road,no,1
6,D11,17,,0.384,0,road,,0
6,D12,20,1.228,0.65,0,road,no,0
6,D13,19,1.364,0.681,0,road,no,0
6,D14,6,0.526,0.54,0,road,no,1
6,D15,7,0.26,0.768,0,road,no,1
6,D16,14,1.061,0.535,0,road,no,0
6,D17,9,0.47,0.575,0,road,no,1
6,D18,15,0.885,0.419,0,road,no,0
6,D19,1,0.02,0.805,0,road,no,1
6,D20,11,1.042,0.279,0,road,no,0
7,D01,15,1.008,0.337,0,street,no,0
7,D02,1,0.19,0.338,0,street,no,1
7,D03,8,0.172,0.542,0,street,no,1
7,D04,7,0.503,0.42,0,street,no,0
7,D05,9,0.389,0.534,0,street,no,1
7,D06,11,0.601,0.764,0,street,no,1
7,D07,10,0.786,0.306,0,street,no,0
7,D08,6,0.66,0.213,3,street,no,1
7,D09,13,1.081,0.201,0,street,no,0
7,D10,4,0.522,0.505,0,street,no,1
7,D11,17,1.427,0.425,3,street,no,0
7,D12,18,1.055,0.444,0,street,no,0
7,D13,19,1.359,0.547,0,street,no,0
7,D14,16,1.235,0.439,0,street,no,0
7,D15,14,0.697,0.677,3,street,no,0
7,D16,2,0.345,0.438,0,street,no,1
7,D17,5,,0.488,0,street,no,1
7,D18,20,1.463,0.383,0,street,no,0
7,D19,12,0.429,0.529,0,street,no,1
7,D20,3,0.327,0.222,0,street,no,1
8,D01,13,0.946,0.238,0,high_speed,no,0
8,D02,3,0.354,0.489,0,high_speed,no,1
8,D03,15,0.84,0.789,3,high_speed,no,0
8,D04,12,0.624,0.555,0,high_speed,no,0
8,D05,2,0.065,0.718,0,high_speed,no,1
8,D06,1,0.02,0.803,3,high_speed,no,1
8,D07,14,1.248,,0,high_speed,no,0
8,D08,5,0.452,0.283,3,high_speed,no,1
8,D09,9,0.802,0.319,0,high_speed,no,0
8,D10,6,0.088,0.624,3,high_speed,,1
8,D11,17,1.319,0.253,0,high_speed,no,0
8,D12,4,0.139,,0,high_speed,no,1
8,D13,20,0.984,0.576,0,high_speed,no,0
8,D14,11,0.83,0.489,0,high_speed,no,1
8,D15,8,0.369,0.697,0,high_speed,no,1
8,D16,19,1.381,0.486,0,high_speed,no,0
8,D17,16,1.289,0.546,0,high_speed,no,0
8,D18,10,0.64,0.479,0,high_speed,no,1
8,D19,7,0.419,0.597,0,high_speed,no,1
8,D20,18,1.304,0.235,0,high_speed,no,0
9,D01,15,1.128,0.335,0,road,no,0
9,D02,12,0.893,0.233,0,road,,0
9,D03,14,,0.551,0,road,,1
9,D04,8,0.593,,5,road,no,1
9,D05,2,,0.593,0,road,no,1
9,D06,16,,0.709,0,road,,1
9,D07,4,0.429,0.32,0,road,no,1
9,D08,20,1.578,0.271,0,road,no,0
9,D09,11,1.166,0.371,0,road,no,0
9,D10,17,1.214,,0,road,,0
9,D11,9,0.892,0.41,0,road,no,0
9,D12,19,1.213,0.503,5,road,no,0
9,D13,13,0.619,,0,road,no,0
9,D14,7,0.519,0.411,0,road,no,1
9,D15,10,0.584,0.722,3,road,no,1
9,D16,5,0.502,0.469,0,road,no,1
9,D17,6,0.58,0.616,0,road,no,0
9,D18,1,0.02,0.55,0,road,no,1
9,D19,3,0.029,0.562,0,road,no,1
9,D20,18,1.804,0.392,0,road,no,0
10,D01,7,0.656,0.256,0,street,yes,1
10,D02,10,0.995,0.404,0,street,yes,0
10,D03,9,0.261,0.474,0,street,yes,1
10,D04,15,0.783,0.495,0,street,yes,0
10,D05,13,0.961,0.564,0,street,yes,1
10,D06,3,0.145,0.593,0,street,yes,1
10,D07,4,0.299,0.473,0,street,yes,1
10,D08,19,,0.32,0,street,yes,0
10,D09,1,,0.387,0,street,yes,1
10,D10,11,0.584,0.468,0,street,yes,1
10,D11,12,1.134,0.369,3,street,yes,0
10,D12,6,0.64,0.544,3,street,yes,0
10,D13,16,1.089,0.603,0,street,yes,0
10,D14,14,0.951,0.593,0,street,yes,0
10,D15,17,0.936,0.7,0,street,yes,0
10,D16,18,0.758,0.311,0,street,yes,0
10,D17,20,,,0,street,yes,0
10,D18,8,0.437,0.458,3,street,yes,1
10,D19,2,0.02,0.648,0,street,,1
10,D20,5,0.464,0.304,0,street,yes,1
11,D01,6,0.726,0.264,0,technical,no,0
11,D02,12,0.887,,0,technical,no,0
11,D03,16,0.939,0.631,0,technical,no,0
11,D04,10,0.833,,0,technical,no,1
11,D05,17,1.238,0.409,3,technical,no,0
11,D06,1,0.02,0.718,0,technical,no,1
11,D07,18,1.516,0.314,0,technical,no,0
11,D08,20,1.309,0.292,0,technical,no,0
11,D09,15,1.179,0.231,0,technical,no,0
11,D10,2,0.02,0.566,3,technical,no,1
11,D11,13,0.884,0.253,0,technical,no,0
11,D12,4,0.182,0.569,0,technical,no,1
11,D13,14,0.784,0.625,0,technical,no,1
11,D14,3,0.111,0.548,0,technical,no,1
11,D15,9,0.605,0.681,0,technical,no,1
11,D16,5,0.072,0.373,0,technical,no,1
11,D17,11,0.795,0.636,0,technical,no,1
11,D18,19,1.171,0.349,0,technical,no,0
11,D19,7,0.418,0.536,0,technical,no,1
11,D20,8,0.917,0.416,0,technical,no,0
12,D01,15,1.454,,0,road,no,0
12,D02,16,1.129,0.356,0,road,no,0
12,D03,6,0.02,0.573,0,road,no,1
12,D04,4,0.399,0.465,0,road,no,1
12,D05,9,0.226,,0,road,,1
12,D06,12,0.646,0.714,5,road,no,0
12,D07,1,0.321,0.476,0,road,no,1
12,D08,14,1.248,0.342,0,road,no,0
12,D09,11,1.053,0.428,0,road,no,0
12,D10,2,0.28,0.489,0,road,no,1
12,D11,10,0.968,0.491,0,road,no,0
12,D12,20,1.553,0.446,0,road,no,0
12,D13,13,0.31,0.626,0,road,no,1
12,D14,7,0.842,0.522,0,road,no,1
12,D15,8,0.258,0.701,0,road,no,1
12,D16,5,0.458,,0,road,no,0
12,D17,3,0.077,0.341,0,road,no,1
12,D18,19,,0.623,0,road,no,0
12,D19,17,0.776,0.649,0,road,no,1
12,D20,18,,0.387,0,road,no,0
13,D01,5,0.638,0.341,0,street,no,1
13,D02,14,0.9,0.406,3,street,no,0
13,D03,1,0.02,0.633,0,street,no,1
13,D04,9,0.702,0.542,0,street,no,1
13,D05,8,0.473,0.574,3,street,no,0
13,D06,3,0.02,0.692,0,street,no,1
13,D07,16,0.963,0.251,3,street,no,0
13,D08,11,0.853,0.265,3,street,no,0
13,D09,4,0.454,0.31,0,street,no,1
13,D10,20,1.566,,0,street,no,0
13,D11,12,,0.355,0,street,no,0
13,D12,7,0.6,0.615,0,street,no,1
13,D13,18,1.374,0.808,0,street,no,1
13,D14,19,1.198,0.498,0,street,no,0
13,D15,10,0.1,0.726,0,street,no,1
13,D16,2,0.384,0.424,0,street,no,1
13,D17,13,0.728,0.604,0,street,no,0
13,D18,17,0.962,0.503,5,street,,0
13,D19,6,0.027,0.728,0,street,no,1
13,D20,15,1.818,0.332,0,street,no,0
14,D01,4,0.493,0.312,0,high_speed,no,1
14,D02,8,0.712,0.62,0,high_speed,no,0
14,D03,17,1.029,0.502,0,high_speed,no,0
14,D04,12,0.72,0.466,0,high_speed,no,1
14,D05,14,0.858,0.789,0,high_speed,no,0
14,D06,2,0.02,0.681,0,high_speed,no,1
14,D07,10,1.09,0.318,0,high_speed,no,0
14,D08,20,1.949,0.303,0,high_speed,no,0
14,D09,15,1.454,0.431,3,high_speed,no,0
14,D10,1,0.02,0.516,0,high_speed,no,1
14,D11,9,0.676,0.432,0,high_speed,no,1
14,D12,6,0.247,0.62,0,high_speed,no,1
14,D13,7,0.331,0.761,0,high_speed,no,1
14,D14,13,0.892,,0,high_speed,no,0
14,D15,5,0.595,0.716,0,high_speed,no,1
14,D16,16,1.235,0.404,0,high_speed,no,0
14,D17,18,1.314,0.575,0,high_speed,no,0
14,D18,19,1.326,0.559,0,high_speed,no,0
14,D19,11,0.43,0.748,0,high_speed,no,1
14,D20,3,0.269,,0,high_speed,no,1
15,D01,15,0.925,0.287,0,technical,yes,0
15,D02,18,1.511,0.453,0,technical,yes,0
15,D03,7,0.398,0.671,0,technical,,1
15,D04,8,,,0,technical,yes,1
15,D05,9,0.408,0.535,0,technical,,1
15,D06,3,0.02,0.567,0,technical,yes,1
15,D07,12,0.772,0.39,0,technical,yes,0
15,D08,17,1.116,0.255,0,technical,,0
15,D09,14,1.335,0.177,0,technical,yes,0
15,D10,2,0.046,0.523,0,technical,yes,1
15,D11,13,1.093,0.332,0,technical,yes,0
15,D12,16,,0.638,0,technical,yes,0
15,D13,10,0.431,0.668,0,technical,,1
15,D14,11,0.804,0.423,0,technical,yes,1
15,D15,5,0.117,0.643,0,technical,yes,1
15,D16,19,1.368,0.567,5,technical,yes,0
15,D17,20,1.213,0.587,0,technical,yes,0
15,D18,1,0.02,0.497,0,technical,yes,1
15,D19,6,0.331,0.653,0,technical,yes,1
15,D20,4,0.858,0.169,0,technical,yes,0
16,D01,1,0.14,0.185,5,street,no,1
16,D02,9,0.711,0.341,3,street,,0
16,D03,6,0.166,0.437,0,street,no,1
16,D04,12,1.073,0.43,3,street,no,0
16,D05,5,0.198,0.547,0,street,no,1
16,D06,17,0.932,,0,street,no,1
16,D07,19,1.348,0.238,0,street,no,0
16,D08,15,1.044,0.25,0,street,no,0
16,D09,20,1.19,0.273,3,street,no,0
16,D10,4,0.208,0.678,0,street,no,1
16,D11,10,0.866,0.543,0,street,no,0
16,D12,16,1.247,0.338,0,street,no,0
16,D13,7,0.764,0.693,0,street,no,1
16,D14,14,,0.549,0,street,no,0
16,D15,18,0.97,0.727,0,street,no,0
16,D16,2,0.02,0.459,3,street,no,1
16,D17,8,0.197,0.664,5,street,no,1
16,D18,13,,,0,street,no,1
16,D19,3,0.02,0.713,0,street,no,1
16,D20,11,1.013,0.436,0,street,no,0
17,D01,1,0.02,0.267,0,high_speed,,1
17,D02,2,0.326,0.336,0,high_speed,no,1
17,D03,13,0.795,,3,high_speed,,1
17,D04,14,1.065,0.556,0,high_speed,no,0
17,D05,16,1.131,0.652,0,high_speed,no,0
17,D06,19,1.229,0.708,0,high_speed,no,0
17,D07,8,0.622,0.505,0,high_speed,no,1
17,D08,17,1.449,0.308,0,high_speed,no,0
17,D09,10,0.86,0.441,0,high_speed,no,0
17,D10,3,0.059,0.749,0,high_speed,no,1
17,D11,11,0.971,0.295,0,high_speed,no,0
17,D12,20,1.442,0.548,0,high_speed,no,0
17,D13,6,,0.649,0,high_speed,no,1
17,D14,4,0.371,0.546,0,high_speed,no,1
17,D15,5,,0.494,0,high_speed,no,1
17,D16,18,1.468,0.452,0,high_speed,no,0
17,D17,7,0.603,0.568,0,high_speed,no,1
17,D18,15,1.208,0.371,0,high_speed,no,0
17,D19,9,0.228,0.603,0,high_speed,no,1
17,D20,12,1.241,0.196,0,high_speed,no,0
18,D01,3,0.204,0.195,0,road,no,0
18,D02,4,0.186,0.351,0,road,no,1
18,D03,15,0.806,0.621,0,road,no,1
18,D04,12,0.907,0.589,3,road,no,0
18,D05,8,0.316,0.719,0,road,no,1
18,D06,9,0.552,0.835,0,road,no,1
18,D07,7,0.57,0.398,0,road,no,0
18,D08,16,1.185,0.428,0,road,no,0
18,D09,2,0.496,,0,road,no,0
18,D10,19,1.433,0.504,5,road,no,0
18,D11,1,,0.483,0,road,no,1
18,D12,6,,0.513,0,road,no,1
18,D13,10,0.464,0.626,0,road,no,1
18,D14,11,0.633,0.438,0,road,no,0
18,D15,20,1.017,0.702,0,road,no,0
18,D16,18,1.565,0.376,0,road,no,0
18,D17,17,1.098,0.477,0,road,no,1
18,D18,5,0.27,0.377,0,road,no,1
18,D19,13,,0.748,0,road,no,1
18,D20,14,0.857,0.377,0,road,no,0
